id,site,longitude,latitude,site_status,asv,marker,count,asv_size,seq,kingdom,phylum,class,order,family,genus,species,percent_match
GS002,transect1_block1,-156.2545892,20.80150816,native,ASV_18s_7,18s,52,14827,CGAGACTCTAGCCTGCTAAATAGGCGTACTTTATGGTATCTCGAAGGCCATTCCGTTCTTCACGGTTCGGATGGTTTTTACTACCGACGTACAAACAAATCTTCTTAGAGGGACAGGCGGCTTCTAGCCGCACGAGA,Metazoa,Arthropoda,Insecta,Hymenoptera,Braconidae,Rhopalophorus,sp,98
GS005,transect1_block1,-156.2545892,20.80150816,native,ASV_18s_99,18s,11,236,CGAGACTCTAGCCTGCTAAATAGGCGTACTTTCTGGTATCTCGAAGGCCCCCGGCTTCGGTCGGGTGGTTTTTACTACCGACGTACAAACAAATCTTCTTAGAGGGACAGGCGGCTTCTAGCCGCACGAGA,Metazoa,Arthropoda,Insecta,Hymenoptera,Ichneumonidae,Ichneumon,xanthorius,99.2
GS006,transect1_block1,-156.2545892,20.80150816,native,ASV_18s_11,18s,37,12120,CGAGACTCTAGCCTGCTAAATAGGCGTACCTTCTGGTATCTCGAAGGCCTCCGGTTTCGGCCGGGGGTTTTTACTACCGACGTACAAACAAATCTTCTTAGAGGGACAGGCGGCGTCTAGCCGCACGAGA,Metazoa,Arthropoda,Insecta,Hymenoptera,Signiphoridae,Clytina,sp,97.7
GS006,transect1_block1,-156.2545892,20.80150816,native,ASV_18s_52,18s,45,651,CGAGACTCTAGCCTGCTAAATAGGCGTATCTTTTGGTATCTCGAAGGCCCCCGGCTTCGGTCGCGGGGTTTTTACTACCGACGTACAAACAAATCTTCTTAGAGGGACAGGCGGCGTCTAGCCGCACGAGA,Metazoa,Arthropoda,Insecta,Hymenoptera,Aphelinidae,Centrodora,sp,99.2
GS041,transect1_block3,-156.2544619,20.80137321,native,ASV_18s_242,18s,15,28,CGAGACTCTAGCCTGCTAAATAGGCGTACCTTTTGGTATCTCGAAGGCCATTCCGGCTTCGGTCGGGTGGTTTTTACTACCGACGTACAAACAAATCTTCTTAGAGGGACAGGCGGCGTCTAGCCGCACGAGA,Metazoa,Arthropoda,Insecta,Hymenoptera,Pteromalidae,Systolomorpha,sp,97.7
GS058,transect2_block1,-156.2544781,20.80120431,native,ASV_18s_25,18s,2151,2623,CGAGACTCTAGCCTGCTAAATAGGCGTACATTCTGGTATCTCGAAGGCCCCCGGCCTCGGTCGGGTGGTTTTTACTACCAACGTACCAACAAATCTTCTTAGAGGGACAGGCGGCTTCTAGCCGCACGAGA,Metazoa,Arthropoda,Insecta,Hymenoptera,Diapriidae,Cinetus,californicus,97.7
GS059,transect2_block1,-156.2544781,20.80120431,native,ASV_18s_40,18s,38,1158,CGAGACTCTAGCCTGCTAAATAGGCGTATTTTGGTATCTTGAAAGGCCCTTGGTTTTCGGATCAAGTGGTTTTTACTACCGACGTACAATATTATCTTCTTAGAGGGACAGGCGGCTTCTAGCCGCACGAGA,Metazoa,Arthropoda,Insecta,Hymenoptera,Braconidae,Cotesia,vestalis,100
GS123,transect3_block1,-156.2543803,20.80101237,native,ASV_18s_7,18s,13,14827,CGAGACTCTAGCCTGCTAAATAGGCGTACTTTATGGTATCTCGAAGGCCATTCCGTTCTTCACGGTTCGGATGGTTTTTACTACCGACGTACAAACAAATCTTCTTAGAGGGACAGGCGGCTTCTAGCCGCACGAGA,Metazoa,Arthropoda,Insecta,Hymenoptera,Braconidae,Rhopalophorus,sp,98
GS134,transect3_block2,-156.2543042,20.80097792,native,ASV_18s_40,18s,511,1158,CGAGACTCTAGCCTGCTAAATAGGCGTATTTTGGTATCTTGAAAGGCCCTTGGTTTTCGGATCAAGTGGTTTTTACTACCGACGTACAATATTATCTTCTTAGAGGGACAGGCGGCTTCTAGCCGCACGAGA,Metazoa,Arthropoda,Insecta,Hymenoptera,Braconidae,Cotesia,vestalis,100
GS134,transect3_block2,-156.2543042,20.80097792,native,ASV_18s_7,18s,170,14827,CGAGACTCTAGCCTGCTAAATAGGCGTACTTTATGGTATCTCGAAGGCCATTCCGTTCTTCACGGTTCGGATGGTTTTTACTACCGACGTACAAACAAATCTTCTTAGAGGGACAGGCGGCTTCTAGCCGCACGAGA,Metazoa,Arthropoda,Insecta,Hymenoptera,Braconidae,Rhopalophorus,sp,98
GS134,transect3_block2,-156.2543042,20.80097792,native,ASV_28s_627,28s,12,12,AGGAGTCTAACATGTGCGCGAGTCATTGGGATCTGTTAAGCCTAAAGGCGCAATGAAAGTGAAGGTAGGCCTTGCGCCAACCGAGGGAGGATGGGCCGCGTCACGATGCGGTCCCGCACTCCCGGGGCGTCTCGTTCTCATTACGAGAAGAGGCGCACCCAGAGCGTACACGTTGGGACCCGAAAGATGGTGAACTATGCCTGGTCAGGTCGAAGTCAG,Metazoa,Arthropoda,Insecta,Hymenoptera,Ichneumonidae,Campoplex,sp,99.1
GS161,transect3_block3,-156.2542212,20.800935,native,ASV_18s_9,18s,10,13064,CGAGACTCTAGCCTGCTAAATAGGCGTACCTTTTGGTATCTCGAAGGCCACTCCGGCTTTCGGGTCGCGAGTGGTTTTTACTACCGACGTACAAACAAATCTTCTTAGAGGGACAGGCGGCGTCTAGCCGCACGAGA,Metazoa,Arthropoda,Insecta,Hymenoptera,Aphelinidae,Centrodora,sp,95.6
GS165,transect3_block3,-156.2542212,20.800935,native,ASV_18s_7,18s,665,14827,CGAGACTCTAGCCTGCTAAATAGGCGTACTTTATGGTATCTCGAAGGCCATTCCGTTCTTCACGGTTCGGATGGTTTTTACTACCGACGTACAAACAAATCTTCTTAGAGGGACAGGCGGCTTCTAGCCGCACGAGA,Metazoa,Arthropoda,Insecta,Hymenoptera,Braconidae,Rhopalophorus,sp,98
GS175,transect4_block1,-156.2541684,20.80074765,native,ASV_18s_7,18s,223,14827,CGAGACTCTAGCCTGCTAAATAGGCGTACTTTATGGTATCTCGAAGGCCATTCCGTTCTTCACGGTTCGGATGGTTTTTACTACCGACGTACAAACAAATCTTCTTAGAGGGACAGGCGGCTTCTAGCCGCACGAGA,Metazoa,Arthropoda,Insecta,Hymenoptera,Braconidae,Rhopalophorus,sp,98
GS175,transect4_block1,-156.2541684,20.80074765,native,ASV_18s_99,18s,127,236,CGAGACTCTAGCCTGCTAAATAGGCGTACTTTCTGGTATCTCGAAGGCCCCCGGCTTCGGTCGGGTGGTTTTTACTACCGACGTACAAACAAATCTTCTTAGAGGGACAGGCGGCTTCTAGCCGCACGAGA,Metazoa,Arthropoda,Insecta,Hymenoptera,Ichneumonidae,Ichneumon,xanthorius,99.2
GS254,transect5_block2,-156.2544559,20.80178602,native,ASV_18s_182,18s,14,60,CGAGACTCTAGCCTGCTAAATAGGCGTACATTCTGGTATCTCGAAGGCCCCCGGCCTTGGTCGGGCGGTTTTTACTACCAACGTACCAACAAATCTTCTTAGAGGGACAGGCGGCTTCTAGCCGCACGAGA,Metazoa,Arthropoda,Insecta,Hymenoptera,Sphecidae,Stangeella,cyaniventris,97
GS268,transect5_block3,-156.2544354,20.80188106,native,ASV_18s_162,18s,47,77,CGAGACTCTAGCCTGCTAAATAGGCGTACTTTCTGGTATCTCGAAGGCCCCCGGCCTACGGTCGGGCGGTTTTTACTACCGACGTACAAACAAATCTTCTTAGAGGGACAGGCGGCTTCTAGCCGCACGAGA,Metazoa,Arthropoda,Insecta,Hymenoptera,Ichneumonidae,Megarhyssa,sp,99.2
GS284,transect6_block1,-156.2541812,20.80273745,ginger,ASV_18s_114,18s,23,149,GGTGGTGCATGGCCGTTCTTAGTTGGTGGAGTGATTTGTCTGCTTAATTGCGATAACGAACGAGACCTTAACCTGCTAAATAGCCCGCGCCGCTGCGGCGGTGCGCCGGCTTCTTAGAGGGACTATCGGCTCAAGCCGATGGAAGT,Fungi,Ascomycota,Sordariomycetes,Hypocreales,Ophiocordycipitaceae,Ophiocordyceps,furcatosubulata,98.6
GS284,transect6_block1,-156.2541812,20.80273745,ginger,ASV_28s_40,28s,50,8930,AGGAGTCTAACATGTGCGCGAGTCATTGGGTATATGTAAAACCTAAAGGCGAAATGAAAGTGTAGGCTGTGTTTACCATGGCTGAGGGAGGATGCCGTTTTTCCTGGTTTAATCTATCAGGGCGGCCGCACTCCCGGGGCGTCTCATAGTCTCATTGCGAGCGGAGGCGCACCTAGAGCGTACACGTTGGGACCCGAGAGATGATGAACTATACCTGGTCAGGACGAAGTCAG,Metazoa,Arthropoda,Insecta,Hymenoptera,Pteromalidae,Eunotus,sp,83.9
GS284,transect6_block1,-156.2541812,20.80273745,ginger,ASV_28s_41,28s,325,8864,AGGAGTCTAACATGTGCGCGAGTCATTGGGTATATGTAAAACCTAAAGGCGGAATGAAAGTGTAGGCTGTGTTTACCATGGCCGAGGGAGGATGCCGTTTTTCCTGGTTTAATCTATCAGGGCGGCCGCACTCCCGGGGCGTCTCATAGTCTCATTGCGAGCGGAGGCGCACCTAGAGCGTACACGTTGGGACCCGAGAGATGATGAACTATACCTGGTCAGGACGAAGTCAG,Metazoa,Arthropoda,Insecta,Hymenoptera,Pteromalidae,Eunotus,sp,84.3
GS286,transect6_block1,-156.2541812,20.80273745,ginger,ASV_18s_7,18s,3158,14827,CGAGACTCTAGCCTGCTAAATAGGCGTACTTTATGGTATCTCGAAGGCCATTCCGTTCTTCACGGTTCGGATGGTTTTTACTACCGACGTACAAACAAATCTTCTTAGAGGGACAGGCGGCTTCTAGCCGCACGAGA,Metazoa,Arthropoda,Insecta,Hymenoptera,Braconidae,Rhopalophorus,sp,98
GS286,transect6_block1,-156.2541812,20.80273745,ginger,ASV_28s_91,28s,669,2193,AGGAGTCTAACATGTGCGCGAGTCATTGGGATTTATTTTATAAATTAAACCTAAAGGCGCAATGAAAGTAAAGGTTGTTCTTGTAATAACTAAGGGAGGATGAGTTGCATTACGATGACAGCTCCGCACTCCCGGGGCGTCTCATTCTCATTATGAGAAGAGGCGCACCCAGAGCGTACACGTTGGGACCCGAAAGATGGTGAACTATGCCTGGTCAGGATGAAGTCAG,Metazoa,Arthropoda,Insecta,Hymenoptera,Braconidae,Meteorus,sp,96.9
GS288,transect6_block1,-156.2541812,20.80273745,ginger,ASV_18s_249,18s,26,26,CGAGACTCTAGCCTGCTAAATAGACGTATATCTATGGTATCTCGAAGGCCCCCGGCTTCTGTCGGTGGGTTTTTACTACCAACGTACAAACAAATCTTCTTAGAGGGACAGGCGGCTTCTAGCCGCACGAGA,Metazoa,Arthropoda,Insecta,Hymenoptera,Halictidae,NA,lativentre,97.7
GS288,transect6_block1,-156.2541812,20.80273745,ginger,ASV_18s_7,18s,14,14827,CGAGACTCTAGCCTGCTAAATAGGCGTACTTTATGGTATCTCGAAGGCCATTCCGTTCTTCACGGTTCGGATGGTTTTTACTACCGACGTACAAACAAATCTTCTTAGAGGGACAGGCGGCTTCTAGCCGCACGAGA,Metazoa,Arthropoda,Insecta,Hymenoptera,Braconidae,Rhopalophorus,sp,98
GS288,transect6_block1,-156.2541812,20.80273745,ginger,ASV_28s_88,28s,40,2326,AGGAGTCGTCTTCGTATGCGAGTGTTCGGGTGTCAAACCCCTACGCGGAATGAAAGTGAACGCAGGTGAGAGCTTCGGCGCATCATCGACCGATCCTGATGTTCTCGGATGGATTTGAGTAAGAGCATACGGGGCCGGACCCGAAAGAAGGTGAACTATGCCTGTATAGGGTGAAGCCAG,Fungi,Ascomycota,Sordariomycetes,Hypocreales,Cordycipitaceae,Beauveria,sp,100
GS315,transect7_block1,-156.2542106,20.80256968,ginger,ASV_28s_41,28s,155,8864,AGGAGTCTAACATGTGCGCGAGTCATTGGGTATATGTAAAACCTAAAGGCGGAATGAAAGTGTAGGCTGTGTTTACCATGGCCGAGGGAGGATGCCGTTTTTCCTGGTTTAATCTATCAGGGCGGCCGCACTCCCGGGGCGTCTCATAGTCTCATTGCGAGCGGAGGCGCACCTAGAGCGTACACGTTGGGACCCGAGAGATGATGAACTATACCTGGTCAGGACGAAGTCAG,Metazoa,Arthropoda,Insecta,Hymenoptera,Pteromalidae,Eunotus,sp,84.3
GS316,transect7_block1,-156.2542106,20.80256968,ginger,ASV_18s_31,18s,2062,2223,GGTGGTGCATGGCCGTTCTTAGTTCGTGGATGTGATCTGTCTGCTTAATTGCGATAACGAACGAGACCTTAACCTGCTAACTAGCCCGTACTGCTCCGGCAGTGCGCCGGCTTCTTAGAGGGACTATCGGCTCAAGCCGATGGAAGT,Fungi,Ascomycota,Sordariomycetes,Hypocreales,Ophiocordycipitaceae,Ophiocordyceps,sinensis,97.3
GS318,transect7_block1,-156.2542106,20.80256968,ginger,ASV_18s_31,18s,13,2223,GGTGGTGCATGGCCGTTCTTAGTTCGTGGATGTGATCTGTCTGCTTAATTGCGATAACGAACGAGACCTTAACCTGCTAACTAGCCCGTACTGCTCCGGCAGTGCGCCGGCTTCTTAGAGGGACTATCGGCTCAAGCCGATGGAAGT,Fungi,Ascomycota,Sordariomycetes,Hypocreales,Ophiocordycipitaceae,Ophiocordyceps,sinensis,97.3
GS336,transect7_block2,-156.2542319,20.80268987,ginger,ASV_18s_7,18s,1085,14827,CGAGACTCTAGCCTGCTAAATAGGCGTACTTTATGGTATCTCGAAGGCCATTCCGTTCTTCACGGTTCGGATGGTTTTTACTACCGACGTACAAACAAATCTTCTTAGAGGGACAGGCGGCTTCTAGCCGCACGAGA,Metazoa,Arthropoda,Insecta,Hymenoptera,Braconidae,Rhopalophorus,sp,98
GS339,transect7_block2,-156.2542319,20.80268987,ginger,ASV_16s_529,16s,15,15,GGTATCTTATTCTTTTTACCTAAAATTTAGGATCAAAATAAACATTTATAAATGAAAAAATTAATTAAAGTTTAAAATTTTAATTACCACCCCAGCAAAATTAAAAAAACAAATTTTTATAAAAAACAACTAAAAATAAAAAAAATAATTTAATAAAGATC,Metazoa,Arthropoda,Insecta,Hymenoptera,Bethylidae,Epyris,sp,97.1
GS339,transect7_block2,-156.2542319,20.80268987,ginger,ASV_18s_40,18s,167,1158,CGAGACTCTAGCCTGCTAAATAGGCGTATTTTGGTATCTTGAAAGGCCCTTGGTTTTCGGATCAAGTGGTTTTTACTACCGACGTACAATATTATCTTCTTAGAGGGACAGGCGGCTTCTAGCCGCACGAGA,Metazoa,Arthropoda,Insecta,Hymenoptera,Braconidae,Cotesia,vestalis,100
GS339,transect7_block2,-156.2542319,20.80268987,ginger,ASV_18s_7,18s,68,14827,CGAGACTCTAGCCTGCTAAATAGGCGTACTTTATGGTATCTCGAAGGCCATTCCGTTCTTCACGGTTCGGATGGTTTTTACTACCGACGTACAAACAAATCTTCTTAGAGGGACAGGCGGCTTCTAGCCGCACGAGA,Metazoa,Arthropoda,Insecta,Hymenoptera,Braconidae,Rhopalophorus,sp,98
GS340,transect7_block2,-156.2542319,20.80268987,ginger,ASV_28s_88,28s,738,2326,AGGAGTCGTCTTCGTATGCGAGTGTTCGGGTGTCAAACCCCTACGCGGAATGAAAGTGAACGCAGGTGAGAGCTTCGGCGCATCATCGACCGATCCTGATGTTCTCGGATGGATTTGAGTAAGAGCATACGGGGCCGGACCCGAAAGAAGGTGAACTATGCCTGTATAGGGTGAAGCCAG,Fungi,Ascomycota,Sordariomycetes,Hypocreales,Cordycipitaceae,Beauveria,sp,100
GS356,transect7_block3,-156.2542563,20.80279254,ginger,ASV_28s_88,28s,45,2326,AGGAGTCGTCTTCGTATGCGAGTGTTCGGGTGTCAAACCCCTACGCGGAATGAAAGTGAACGCAGGTGAGAGCTTCGGCGCATCATCGACCGATCCTGATGTTCTCGGATGGATTTGAGTAAGAGCATACGGGGCCGGACCCGAAAGAAGGTGAACTATGCCTGTATAGGGTGAAGCCAG,Fungi,Ascomycota,Sordariomycetes,Hypocreales,Cordycipitaceae,Beauveria,sp,100
GS357,transect7_block3,-156.2542563,20.80279254,ginger,ASV_18s_7,18s,7528,14827,CGAGACTCTAGCCTGCTAAATAGGCGTACTTTATGGTATCTCGAAGGCCATTCCGTTCTTCACGGTTCGGATGGTTTTTACTACCGACGTACAAACAAATCTTCTTAGAGGGACAGGCGGCTTCTAGCCGCACGAGA,Metazoa,Arthropoda,Insecta,Hymenoptera,Braconidae,Rhopalophorus,sp,98
GS357,transect7_block3,-156.2542563,20.80279254,ginger,ASV_28s_91,28s,1490,2193,AGGAGTCTAACATGTGCGCGAGTCATTGGGATTTATTTTATAAATTAAACCTAAAGGCGCAATGAAAGTAAAGGTTGTTCTTGTAATAACTAAGGGAGGATGAGTTGCATTACGATGACAGCTCCGCACTCCCGGGGCGTCTCATTCTCATTATGAGAAGAGGCGCACCCAGAGCGTACACGTTGGGACCCGAAAGATGGTGAACTATGCCTGGTCAGGATGAAGTCAG,Metazoa,Arthropoda,Insecta,Hymenoptera,Braconidae,Meteorus,sp,96.9
GS358,transect7_block3,-156.2542563,20.80279254,ginger,ASV_18s_52,18s,263,651,CGAGACTCTAGCCTGCTAAATAGGCGTATCTTTTGGTATCTCGAAGGCCCCCGGCTTCGGTCGCGGGGTTTTTACTACCGACGTACAAACAAATCTTCTTAGAGGGACAGGCGGCGTCTAGCCGCACGAGA,Metazoa,Arthropoda,Insecta,Hymenoptera,Aphelinidae,Centrodora,sp,99.2
GS358,transect7_block3,-156.2542563,20.80279254,ginger,ASV_18s_55,18s,203,620,CGAGACTCTAGCCTGCTAAATAGGCGTACCTTCTGGTATCTTGAAGGCCCTCGGCTTCTGTCGAGCGGTTTTTACTACCGACGTACTAATAAATCTTCTTAGAGGGACAGGCGGCGTCTAGCCGCACGAGA,Metazoa,Arthropoda,Insecta,Hymenoptera,Eucharitidae,Orasema,simulatrix,96.2
GS358,transect7_block3,-156.2542563,20.80279254,ginger,ASV_28s_88,28s,74,2326,AGGAGTCGTCTTCGTATGCGAGTGTTCGGGTGTCAAACCCCTACGCGGAATGAAAGTGAACGCAGGTGAGAGCTTCGGCGCATCATCGACCGATCCTGATGTTCTCGGATGGATTTGAGTAAGAGCATACGGGGCCGGACCCGAAAGAAGGTGAACTATGCCTGTATAGGGTGAAGCCAG,Fungi,Ascomycota,Sordariomycetes,Hypocreales,Cordycipitaceae,Beauveria,sp,100
GS360,transect7_block3,-156.2542563,20.80279254,ginger,ASV_28s_41,28s,426,8864,AGGAGTCTAACATGTGCGCGAGTCATTGGGTATATGTAAAACCTAAAGGCGGAATGAAAGTGTAGGCTGTGTTTACCATGGCCGAGGGAGGATGCCGTTTTTCCTGGTTTAATCTATCAGGGCGGCCGCACTCCCGGGGCGTCTCATAGTCTCATTGCGAGCGGAGGCGCACCTAGAGCGTACACGTTGGGACCCGAGAGATGATGAACTATACCTGGTCAGGACGAAGTCAG,Metazoa,Arthropoda,Insecta,Hymenoptera,Pteromalidae,Eunotus,sp,84.3
GS361,transect7_block3,-156.2542563,20.80279254,ginger,ASV_28s_196,28s,450,450,AGGAGTCTAACATGTGCGCGAGTCATTGGGTATATGTAAAACCTAAAGGCGAAATGAAAGTGTAGGCTGTGTTTACCATGGCTGAGGGAGGATGCTGTTTTTCCTGGTTTAATTTATCAGGGCGGCCGCACTCCCGGGGCGTCTCATAGTCTCATTACGAGCGGAGGCGCACCTAGAGCGTACACGTTGGGACCCGAGAGATGATGAACTATACCTGGTCAGGACGAAGTCAG,Metazoa,Arthropoda,Insecta,Hymenoptera,Pteromalidae,Cephaleta,sp,83.8
GS374,transect8_block1,-156.2543834,20.8027387,ginger,ASV_28s_230,28s,180,285,AGGAGTCTAACATATATGCAAGTATTATGGCTTCAAACCAGACTGCGAAATGAAAGTAATTTTAAGGTAGGATCCTGCAAAGGTGCACTATCAACCAAGCTATAGGGATTCTTTTCTATGGTTTGAGTAAGAGCATATATGTTGGTACCCGAAAGATGGTGAACTATGCCTGAATAGGGTGAAGCCAG,Fungi,Zoopagomycota,Entomophthoromycetes,Entomophthorales,Entomophthoraceae,Zoophthora,radicans,96.3
GS388,transect8_block2,-156.2543984,20.80282572,ginger,ASV_18s_31,18s,33,2223,GGTGGTGCATGGCCGTTCTTAGTTCGTGGATGTGATCTGTCTGCTTAATTGCGATAACGAACGAGACCTTAACCTGCTAACTAGCCCGTACTGCTCCGGCAGTGCGCCGGCTTCTTAGAGGGACTATCGGCTCAAGCCGATGGAAGT,Fungi,Ascomycota,Sordariomycetes,Hypocreales,Ophiocordycipitaceae,Ophiocordyceps,sinensis,97.3
GS388,transect8_block2,-156.2543984,20.80282572,ginger,ASV_18s_40,18s,132,1158,CGAGACTCTAGCCTGCTAAATAGGCGTATTTTGGTATCTTGAAAGGCCCTTGGTTTTCGGATCAAGTGGTTTTTACTACCGACGTACAATATTATCTTCTTAGAGGGACAGGCGGCTTCTAGCCGCACGAGA,Metazoa,Arthropoda,Insecta,Hymenoptera,Braconidae,Cotesia,vestalis,100
GS388,transect8_block2,-156.2543984,20.80282572,ginger,ASV_28s_88,28s,134,2326,AGGAGTCGTCTTCGTATGCGAGTGTTCGGGTGTCAAACCCCTACGCGGAATGAAAGTGAACGCAGGTGAGAGCTTCGGCGCATCATCGACCGATCCTGATGTTCTCGGATGGATTTGAGTAAGAGCATACGGGGCCGGACCCGAAAGAAGGTGAACTATGCCTGTATAGGGTGAAGCCAG,Fungi,Ascomycota,Sordariomycetes,Hypocreales,Cordycipitaceae,Beauveria,sp,100
GS390,transect8_block2,-156.2543984,20.80282572,ginger,ASV_28s_88,28s,12,2326,AGGAGTCGTCTTCGTATGCGAGTGTTCGGGTGTCAAACCCCTACGCGGAATGAAAGTGAACGCAGGTGAGAGCTTCGGCGCATCATCGACCGATCCTGATGTTCTCGGATGGATTTGAGTAAGAGCATACGGGGCCGGACCCGAAAGAAGGTGAACTATGCCTGTATAGGGTGAAGCCAG,Fungi,Ascomycota,Sordariomycetes,Hypocreales,Cordycipitaceae,Beauveria,sp,100
GS391,transect8_block2,-156.2543984,20.80282572,ginger,ASV_18s_31,18s,66,2223,GGTGGTGCATGGCCGTTCTTAGTTCGTGGATGTGATCTGTCTGCTTAATTGCGATAACGAACGAGACCTTAACCTGCTAACTAGCCCGTACTGCTCCGGCAGTGCGCCGGCTTCTTAGAGGGACTATCGGCTCAAGCCGATGGAAGT,Fungi,Ascomycota,Sordariomycetes,Hypocreales,Ophiocordycipitaceae,Ophiocordyceps,sinensis,97.3
GS402,transect8_block3,-156.2544149,20.80291917,ginger,ASV_18s_7,18s,594,14827,CGAGACTCTAGCCTGCTAAATAGGCGTACTTTATGGTATCTCGAAGGCCATTCCGTTCTTCACGGTTCGGATGGTTTTTACTACCGACGTACAAACAAATCTTCTTAGAGGGACAGGCGGCTTCTAGCCGCACGAGA,Metazoa,Arthropoda,Insecta,Hymenoptera,Braconidae,Rhopalophorus,sp,98
GS402,transect8_block3,-156.2544149,20.80291917,ginger,ASV_28s_319,28s,114,114,AGGAGTCTAACATGTGCGCAAGTCATTGGGATTATTTGAATAAATTAAACCTAAAGGCGCAATGAAAGTAAAGGTTGTTCTTGTAATAACTAAGGGAGGATGAGTTGCATTACGATGTCAGCTCCGCACTCCCGGGGCGTCTCATTCTCATTGTGAGAAGAGGCGCACCCAGAGCGTACACGTTGGGACCCGAAAGATGGTGAACTATGCCTGGTCAGGATGAAGTCAG,Metazoa,Arthropoda,Insecta,Hymenoptera,Braconidae,Meteorus,sp,97.8
GS402,transect8_block3,-156.2544149,20.80291917,ginger,ASV_28s_88,28s,69,2326,AGGAGTCGTCTTCGTATGCGAGTGTTCGGGTGTCAAACCCCTACGCGGAATGAAAGTGAACGCAGGTGAGAGCTTCGGCGCATCATCGACCGATCCTGATGTTCTCGGATGGATTTGAGTAAGAGCATACGGGGCCGGACCCGAAAGAAGGTGAACTATGCCTGTATAGGGTGAAGCCAG,Fungi,Ascomycota,Sordariomycetes,Hypocreales,Cordycipitaceae,Beauveria,sp,100
GS410,transect9_block1,-156.2545271,20.80285655,ginger,ASV_18s_7,18s,129,14827,CGAGACTCTAGCCTGCTAAATAGGCGTACTTTATGGTATCTCGAAGGCCATTCCGTTCTTCACGGTTCGGATGGTTTTTACTACCGACGTACAAACAAATCTTCTTAGAGGGACAGGCGGCTTCTAGCCGCACGAGA,Metazoa,Arthropoda,Insecta,Hymenoptera,Braconidae,Rhopalophorus,sp,98
GS410,transect9_block1,-156.2545271,20.80285655,ginger,ASV_28s_88,28s,136,2326,AGGAGTCGTCTTCGTATGCGAGTGTTCGGGTGTCAAACCCCTACGCGGAATGAAAGTGAACGCAGGTGAGAGCTTCGGCGCATCATCGACCGATCCTGATGTTCTCGGATGGATTTGAGTAAGAGCATACGGGGCCGGACCCGAAAGAAGGTGAACTATGCCTGTATAGGGTGAAGCCAG,Fungi,Ascomycota,Sordariomycetes,Hypocreales,Cordycipitaceae,Beauveria,sp,100
GS424,transect9_block2,-156.2544636,20.80292948,ginger,ASV_28s_41,28s,5683,8864,AGGAGTCTAACATGTGCGCGAGTCATTGGGTATATGTAAAACCTAAAGGCGGAATGAAAGTGTAGGCTGTGTTTACCATGGCCGAGGGAGGATGCCGTTTTTCCTGGTTTAATCTATCAGGGCGGCCGCACTCCCGGGGCGTCTCATAGTCTCATTGCGAGCGGAGGCGCACCTAGAGCGTACACGTTGGGACCCGAGAGATGATGAACTATACCTGGTCAGGACGAAGTCAG,Metazoa,Arthropoda,Insecta,Hymenoptera,Pteromalidae,Eunotus,sp,84.3
GS433,transect9_block3,-156.2544408,20.80301212,ginger,ASV_28s_88,28s,160,2326,AGGAGTCGTCTTCGTATGCGAGTGTTCGGGTGTCAAACCCCTACGCGGAATGAAAGTGAACGCAGGTGAGAGCTTCGGCGCATCATCGACCGATCCTGATGTTCTCGGATGGATTTGAGTAAGAGCATACGGGGCCGGACCCGAAAGAAGGTGAACTATGCCTGTATAGGGTGAAGCCAG,Fungi,Ascomycota,Sordariomycetes,Hypocreales,Cordycipitaceae,Beauveria,sp,100
GS434,transect9_block3,-156.2544408,20.80301212,ginger,ASV_18s_207,18s,43,43,CGAGACTCTAGCCTGCTAAATAGGCGTACTTTCTGGTACCTCGAAGGCCCCCGGCCTCCGGGTCGGGCGGTTTTTACTACCGACGTACAAACAAATCTTCTTAGAGGGACAGGCGGCTTCTAGCCGCACGAGA,Metazoa,Arthropoda,Insecta,Hymenoptera,Ichneumonidae,Agrypon,varitarsum,97.7
GS450,transect10_block1,-156.255448,20.80305495,ginger,ASV_16s_339,16s,43,43,GGTAACTTAAATTTTTAATCATAAATAATGGATCAAATATTCATAAATTAATGTTTTATAAAATAAAAGTTTTTTAAATTTTATTATCACCCCAATAAAATAATTAATTATAAAATTATTAAAGTATTCTAAATAAATAAAAATATAAAAAATTATAAAGATC,Metazoa,Arthropoda,Insecta,Hymenoptera,Braconidae,Chelonus,sp,99
GS450,transect10_block1,-156.255448,20.80305495,ginger,ASV_18s_31,18s,15,2223,GGTGGTGCATGGCCGTTCTTAGTTCGTGGATGTGATCTGTCTGCTTAATTGCGATAACGAACGAGACCTTAACCTGCTAACTAGCCCGTACTGCTCCGGCAGTGCGCCGGCTTCTTAGAGGGACTATCGGCTCAAGCCGATGGAAGT,Fungi,Ascomycota,Sordariomycetes,Hypocreales,Ophiocordycipitaceae,Ophiocordyceps,sinensis,97.3
GS450,transect10_block1,-156.255448,20.80305495,ginger,ASV_18s_55,18s,120,620,CGAGACTCTAGCCTGCTAAATAGGCGTACCTTCTGGTATCTTGAAGGCCCTCGGCTTCTGTCGAGCGGTTTTTACTACCGACGTACTAATAAATCTTCTTAGAGGGACAGGCGGCGTCTAGCCGCACGAGA,Metazoa,Arthropoda,Insecta,Hymenoptera,Eucharitidae,Orasema,simulatrix,96.2
GS450,transect10_block1,-156.255448,20.80305495,ginger,ASV_28s_449,28s,49,49,AGGAGTCTAACATGTACGCGAGTCATTGGGACCGCAAGCCTAAAGGCGAAATGAAAGTGAAGGCAGTCTAATTAATAACGACGGCCGAGGGAGGATGGCGCGCGTCACGATGCGCGCTCGCACTCCCGGGGCGTCTCGAACTCATTGCGAGTTGAGGCGCACCCAGAGCGTACACGTTGGGACCCGAAAGATGGTGAACTATGCCTGGTCAGGACGAAGTCAG,Metazoa,Arthropoda,Insecta,Hymenoptera,Diapriidae,Coptera,sp,91.1
GS450,transect10_block1,-156.255448,20.80305495,ginger,ASV_28s_88,28s,35,2326,AGGAGTCGTCTTCGTATGCGAGTGTTCGGGTGTCAAACCCCTACGCGGAATGAAAGTGAACGCAGGTGAGAGCTTCGGCGCATCATCGACCGATCCTGATGTTCTCGGATGGATTTGAGTAAGAGCATACGGGGCCGGACCCGAAAGAAGGTGAACTATGCCTGTATAGGGTGAAGCCAG,Fungi,Ascomycota,Sordariomycetes,Hypocreales,Cordycipitaceae,Beauveria,sp,100
GS451,transect10_block1,-156.255448,20.80305495,ginger,ASV_28s_372,28s,38,76,AGGAGTCGTCTTCGTATGCGAGTGTTCGGGTGTCAAACCCCTACGCGGAATGAAAGTGAACGCAGGTGAGAGCTTCGGCGCATCATCGACCGATCCTGATGTTCTCGGATGGATTTGAGTAGGAGCATACGGGGCCGGACCCGAAAGAAGGTGAACTATGCCTGTATAGGGTGAAGCCAG,Fungi,Ascomycota,Sordariomycetes,Hypocreales,Cordycipitaceae,Cordyceps,sp,100
GS454,transect10_block1,-156.255448,20.80305495,ginger,ASV_28s_30,28s,62,14373,AGGAGTCTAACATGTGCGCGAGTCATTGGGTGATTTTAAGACCTAAAGGCGAAATGAAAGTGAAGATTGGGTTTATCCCGATTGAGGGAGGATGCTGTTTGGATTGGTGTTAAAAGCGAGTCCGGCAGCCGCACTCCCGGGGCGTGTCAATGTCTCATTGCGAGGCGAGACGCACCTAGAGCGTACACGTTGGGACCCGAGAGATGATGAACTATACCTGGTCAGGATGAAGTCAG,Metazoa,Arthropoda,Insecta,Hymenoptera,Apidae,Centris,tamarugalis,82
GS454,transect10_block1,-156.255448,20.80305495,ginger,ASV_28s_40,28s,633,8930,AGGAGTCTAACATGTGCGCGAGTCATTGGGTATATGTAAAACCTAAAGGCGAAATGAAAGTGTAGGCTGTGTTTACCATGGCTGAGGGAGGATGCCGTTTTTCCTGGTTTAATCTATCAGGGCGGCCGCACTCCCGGGGCGTCTCATAGTCTCATTGCGAGCGGAGGCGCACCTAGAGCGTACACGTTGGGACCCGAGAGATGATGAACTATACCTGGTCAGGACGAAGTCAG,Metazoa,Arthropoda,Insecta,Hymenoptera,Pteromalidae,Eunotus,sp,83.9
GS454,transect10_block1,-156.255448,20.80305495,ginger,ASV_28s_41,28s,788,8864,AGGAGTCTAACATGTGCGCGAGTCATTGGGTATATGTAAAACCTAAAGGCGGAATGAAAGTGTAGGCTGTGTTTACCATGGCCGAGGGAGGATGCCGTTTTTCCTGGTTTAATCTATCAGGGCGGCCGCACTCCCGGGGCGTCTCATAGTCTCATTGCGAGCGGAGGCGCACCTAGAGCGTACACGTTGGGACCCGAGAGATGATGAACTATACCTGGTCAGGACGAAGTCAG,Metazoa,Arthropoda,Insecta,Hymenoptera,Pteromalidae,Eunotus,sp,84.3
GS470,transect10_block2,-156.2554758,20.80312621,ginger,ASV_28s_79,28s,3194,3194,AGGAGTCTAACATGTGCGCGAGTCATTGGGTATACGTAAAACCTAAAGGCGAAATGAAAGTGTAGGCTGTGTTTACCATGGCCGAGGGAGGATGCCGTTTTTCCTGGTTTAATCTATCAGGGCGGCCGCACTCCCGGGGCGTCTCATAGTCTCATTACGAGCGGAGGCGCACCTAGAGCGTACACGTTGGGACCCGAGAGATGATGAACTATACCTGGTCAGGACGAAGTCAG,Metazoa,Arthropoda,Insecta,Hymenoptera,Pteromalidae,Cephaleta,sp,83.8
GS472,transect10_block2,-156.2554758,20.80312621,ginger,ASV_28s_41,28s,42,8864,AGGAGTCTAACATGTGCGCGAGTCATTGGGTATATGTAAAACCTAAAGGCGGAATGAAAGTGTAGGCTGTGTTTACCATGGCCGAGGGAGGATGCCGTTTTTCCTGGTTTAATCTATCAGGGCGGCCGCACTCCCGGGGCGTCTCATAGTCTCATTGCGAGCGGAGGCGCACCTAGAGCGTACACGTTGGGACCCGAGAGATGATGAACTATACCTGGTCAGGACGAAGTCAG,Metazoa,Arthropoda,Insecta,Hymenoptera,Pteromalidae,Eunotus,sp,84.3
GS474,transect10_block2,-156.2554758,20.80312621,ginger,ASV_18s_55,18s,297,620,CGAGACTCTAGCCTGCTAAATAGGCGTACCTTCTGGTATCTTGAAGGCCCTCGGCTTCTGTCGAGCGGTTTTTACTACCGACGTACTAATAAATCTTCTTAGAGGGACAGGCGGCGTCTAGCCGCACGAGA,Metazoa,Arthropoda,Insecta,Hymenoptera,Eucharitidae,Orasema,simulatrix,96.2
GS474,transect10_block2,-156.2554758,20.80312621,ginger,ASV_28s_41,28s,92,8864,AGGAGTCTAACATGTGCGCGAGTCATTGGGTATATGTAAAACCTAAAGGCGGAATGAAAGTGTAGGCTGTGTTTACCATGGCCGAGGGAGGATGCCGTTTTTCCTGGTTTAATCTATCAGGGCGGCCGCACTCCCGGGGCGTCTCATAGTCTCATTGCGAGCGGAGGCGCACCTAGAGCGTACACGTTGGGACCCGAGAGATGATGAACTATACCTGGTCAGGACGAAGTCAG,Metazoa,Arthropoda,Insecta,Hymenoptera,Pteromalidae,Eunotus,sp,84.3
GS474,transect10_block2,-156.2554758,20.80312621,ginger,ASV_28s_88,28s,53,2326,AGGAGTCGTCTTCGTATGCGAGTGTTCGGGTGTCAAACCCCTACGCGGAATGAAAGTGAACGCAGGTGAGAGCTTCGGCGCATCATCGACCGATCCTGATGTTCTCGGATGGATTTGAGTAAGAGCATACGGGGCCGGACCCGAAAGAAGGTGAACTATGCCTGTATAGGGTGAAGCCAG,Fungi,Ascomycota,Sordariomycetes,Hypocreales,Cordycipitaceae,Beauveria,sp,100
GS477,transect10_block2,-156.2554758,20.80312621,ginger,ASV_28s_30,28s,279,14373,AGGAGTCTAACATGTGCGCGAGTCATTGGGTGATTTTAAGACCTAAAGGCGAAATGAAAGTGAAGATTGGGTTTATCCCGATTGAGGGAGGATGCTGTTTGGATTGGTGTTAAAAGCGAGTCCGGCAGCCGCACTCCCGGGGCGTGTCAATGTCTCATTGCGAGGCGAGACGCACCTAGAGCGTACACGTTGGGACCCGAGAGATGATGAACTATACCTGGTCAGGATGAAGTCAG,Metazoa,Arthropoda,Insecta,Hymenoptera,Apidae,Centris,tamarugalis,82
GS477,transect10_block2,-156.2554758,20.80312621,ginger,ASV_28s_41,28s,874,8864,AGGAGTCTAACATGTGCGCGAGTCATTGGGTATATGTAAAACCTAAAGGCGGAATGAAAGTGTAGGCTGTGTTTACCATGGCCGAGGGAGGATGCCGTTTTTCCTGGTTTAATCTATCAGGGCGGCCGCACTCCCGGGGCGTCTCATAGTCTCATTGCGAGCGGAGGCGCACCTAGAGCGTACACGTTGGGACCCGAGAGATGATGAACTATACCTGGTCAGGACGAAGTCAG,Metazoa,Arthropoda,Insecta,Hymenoptera,Pteromalidae,Eunotus,sp,84.3
GS478,transect10_block2,-156.2554758,20.80312621,ginger,ASV_28s_88,28s,75,2326,AGGAGTCGTCTTCGTATGCGAGTGTTCGGGTGTCAAACCCCTACGCGGAATGAAAGTGAACGCAGGTGAGAGCTTCGGCGCATCATCGACCGATCCTGATGTTCTCGGATGGATTTGAGTAAGAGCATACGGGGCCGGACCCGAAAGAAGGTGAACTATGCCTGTATAGGGTGAAGCCAG,Fungi,Ascomycota,Sordariomycetes,Hypocreales,Cordycipitaceae,Beauveria,sp,100
GS479,transect10_block2,-156.2554758,20.80312621,ginger,ASV_18s_40,18s,114,1158,CGAGACTCTAGCCTGCTAAATAGGCGTATTTTGGTATCTTGAAAGGCCCTTGGTTTTCGGATCAAGTGGTTTTTACTACCGACGTACAATATTATCTTCTTAGAGGGACAGGCGGCTTCTAGCCGCACGAGA,Metazoa,Arthropoda,Insecta,Hymenoptera,Braconidae,Cotesia,vestalis,100
GS479,transect10_block2,-156.2554758,20.80312621,ginger,ASV_28s_88,28s,316,2326,AGGAGTCGTCTTCGTATGCGAGTGTTCGGGTGTCAAACCCCTACGCGGAATGAAAGTGAACGCAGGTGAGAGCTTCGGCGCATCATCGACCGATCCTGATGTTCTCGGATGGATTTGAGTAAGAGCATACGGGGCCGGACCCGAAAGAAGGTGAACTATGCCTGTATAGGGTGAAGCCAG,Fungi,Ascomycota,Sordariomycetes,Hypocreales,Cordycipitaceae,Beauveria,sp,100
GS497,transect10_block3,-156.2554965,20.8031788,ginger,ASV_18s_121,18s,78,136,CGAGACTCTAGCCTGCTAAATAGGCGTACCTTCTGGTATCTCGAAGGCCTTCGGTTTCGGCCGGAGGTTTTTACTACCGACGTACAAACAAATCTTCTTAGAGGGACAGGCGGCGTCTAGCCGCACGAGA,Metazoa,Arthropoda,Insecta,Hymenoptera,Eulophidae,Euplectrus,sp,99.2
GS499,transect10_block3,-156.2554965,20.8031788,ginger,ASV_18s_7,18s,2,14827,CGAGACTCTAGCCTGCTAAATAGGCGTACTTTATGGTATCTCGAAGGCCATTCCGTTCTTCACGGTTCGGATGGTTTTTACTACCGACGTACAAACAAATCTTCTTAGAGGGACAGGCGGCTTCTAGCCGCACGAGA,Metazoa,Arthropoda,Insecta,Hymenoptera,Braconidae,Rhopalophorus,sp,98
GS499,transect10_block3,-156.2554965,20.8031788,ginger,ASV_28s_140,28s,896,896,AGGAGTCTAACATGTGCGCGAGTCATTGGGTATATGTAAAACCTAAAGGCGAAATGAAAGTGTAGGCTGTGTTTACCATGGCTGAGGGAGGATGCCGTTCCTGGTTTAATCTATCAGGGCGGCCGCACTCCCGGGGCGTCTCATAGTCTCATTACGAGCGGAGGCGCACCTAGAGCGTACACGTTGGGACCCGAGAGATGATGAACTATACCTGGTCAGGACGAAGTCAG,Metazoa,Arthropoda,Insecta,Hymenoptera,Pteromalidae,Cephaleta,sp,84.8
GS499,transect10_block3,-156.2554965,20.8031788,ginger,ASV_28s_41,28s,77,8864,AGGAGTCTAACATGTGCGCGAGTCATTGGGTATATGTAAAACCTAAAGGCGGAATGAAAGTGTAGGCTGTGTTTACCATGGCCGAGGGAGGATGCCGTTTTTCCTGGTTTAATCTATCAGGGCGGCCGCACTCCCGGGGCGTCTCATAGTCTCATTGCGAGCGGAGGCGCACCTAGAGCGTACACGTTGGGACCCGAGAGATGATGAACTATACCTGGTCAGGACGAAGTCAG,Metazoa,Arthropoda,Insecta,Hymenoptera,Pteromalidae,Eunotus,sp,84.3
GS500,transect10_block3,-156.2554965,20.8031788,ginger,ASV_18s_99,18s,25,236,CGAGACTCTAGCCTGCTAAATAGGCGTACTTTCTGGTATCTCGAAGGCCCCCGGCTTCGGTCGGGTGGTTTTTACTACCGACGTACAAACAAATCTTCTTAGAGGGACAGGCGGCTTCTAGCCGCACGAGA,Metazoa,Arthropoda,Insecta,Hymenoptera,Ichneumonidae,Ichneumon,xanthorius,99.2
GS500,transect10_block3,-156.2554965,20.8031788,ginger,ASV_28s_41,28s,81,8864,AGGAGTCTAACATGTGCGCGAGTCATTGGGTATATGTAAAACCTAAAGGCGGAATGAAAGTGTAGGCTGTGTTTACCATGGCCGAGGGAGGATGCCGTTTTTCCTGGTTTAATCTATCAGGGCGGCCGCACTCCCGGGGCGTCTCATAGTCTCATTGCGAGCGGAGGCGCACCTAGAGCGTACACGTTGGGACCCGAGAGATGATGAACTATACCTGGTCAGGACGAAGTCAG,Metazoa,Arthropoda,Insecta,Hymenoptera,Pteromalidae,Eunotus,sp,84.3
GS501,transect10_block3,-156.2554965,20.8031788,ginger,ASV_28s_40,28s,9,8930,AGGAGTCTAACATGTGCGCGAGTCATTGGGTATATGTAAAACCTAAAGGCGAAATGAAAGTGTAGGCTGTGTTTACCATGGCTGAGGGAGGATGCCGTTTTTCCTGGTTTAATCTATCAGGGCGGCCGCACTCCCGGGGCGTCTCATAGTCTCATTGCGAGCGGAGGCGCACCTAGAGCGTACACGTTGGGACCCGAGAGATGATGAACTATACCTGGTCAGGACGAAGTCAG,Metazoa,Arthropoda,Insecta,Hymenoptera,Pteromalidae,Eunotus,sp,83.9
GS502,transect10_block3,-156.2554965,20.8031788,ginger,ASV_28s_40,28s,8191,8930,AGGAGTCTAACATGTGCGCGAGTCATTGGGTATATGTAAAACCTAAAGGCGAAATGAAAGTGTAGGCTGTGTTTACCATGGCTGAGGGAGGATGCCGTTTTTCCTGGTTTAATCTATCAGGGCGGCCGCACTCCCGGGGCGTCTCATAGTCTCATTGCGAGCGGAGGCGCACCTAGAGCGTACACGTTGGGACCCGAGAGATGATGAACTATACCTGGTCAGGACGAAGTCAG,Metazoa,Arthropoda,Insecta,Hymenoptera,Pteromalidae,Eunotus,sp,83.9
GS502,transect10_block3,-156.2554965,20.8031788,ginger,ASV_28s_88,28s,226,2326,AGGAGTCGTCTTCGTATGCGAGTGTTCGGGTGTCAAACCCCTACGCGGAATGAAAGTGAACGCAGGTGAGAGCTTCGGCGCATCATCGACCGATCCTGATGTTCTCGGATGGATTTGAGTAAGAGCATACGGGGCCGGACCCGAAAGAAGGTGAACTATGCCTGTATAGGGTGAAGCCAG,Fungi,Ascomycota,Sordariomycetes,Hypocreales,Cordycipitaceae,Beauveria,sp,100
GS503,transect10_block3,-156.2554965,20.8031788,ginger,ASV_18s_99,18s,54,236,CGAGACTCTAGCCTGCTAAATAGGCGTACTTTCTGGTATCTCGAAGGCCCCCGGCTTCGGTCGGGTGGTTTTTACTACCGACGTACAAACAAATCTTCTTAGAGGGACAGGCGGCTTCTAGCCGCACGAGA,Metazoa,Arthropoda,Insecta,Hymenoptera,Ichneumonidae,Ichneumon,xanthorius,99.2
GS504,transect10_block3,-156.2554965,20.8031788,ginger,ASV_28s_30,28s,2334,14373,AGGAGTCTAACATGTGCGCGAGTCATTGGGTGATTTTAAGACCTAAAGGCGAAATGAAAGTGAAGATTGGGTTTATCCCGATTGAGGGAGGATGCTGTTTGGATTGGTGTTAAAAGCGAGTCCGGCAGCCGCACTCCCGGGGCGTGTCAATGTCTCATTGCGAGGCGAGACGCACCTAGAGCGTACACGTTGGGACCCGAGAGATGATGAACTATACCTGGTCAGGATGAAGTCAG,Metazoa,Arthropoda,Insecta,Hymenoptera,Apidae,Centris,tamarugalis,82
GS506,transect10_block3,-156.2554965,20.8031788,ginger,ASV_18s_31,18s,25,2223,GGTGGTGCATGGCCGTTCTTAGTTCGTGGATGTGATCTGTCTGCTTAATTGCGATAACGAACGAGACCTTAACCTGCTAACTAGCCCGTACTGCTCCGGCAGTGCGCCGGCTTCTTAGAGGGACTATCGGCTCAAGCCGATGGAAGT,Fungi,Ascomycota,Sordariomycetes,Hypocreales,Ophiocordycipitaceae,Ophiocordyceps,sinensis,97.3
GS007,transect1_block1,-156.2545892,20.80150816,native,ASV_18s_182,18s,46,60,CGAGACTCTAGCCTGCTAAATAGGCGTACATTCTGGTATCTCGAAGGCCCCCGGCCTTGGTCGGGCGGTTTTTACTACCAACGTACCAACAAATCTTCTTAGAGGGACAGGCGGCTTCTAGCCGCACGAGA,Metazoa,Arthropoda,Insecta,Hymenoptera,Sphecidae,Stangeella,cyaniventris,97
GS007,transect1_block1,-156.2545892,20.80150816,native,ASV_28s_552,28s,23,23,AGGAGTCGTCCTCGTATGCGAGTGTTGGGGTGCTAAACCCCTGCGCGCAGTGAAAGCGAACGCAGGTGAGAGCCGGCAGCGGCGCATCATCGACCGATCCTGATGTTCTCGGATGGATTTGAGTAGGAGCATACGGGGCCGGACCCGAAAGAAGGTGAACTATGCCTGCGTAGGGTGAAGCCAT,Fungi,Ascomycota,Sordariomycetes,Hypocreales,Cordycipitaceae,Gibellula,leiopus,98.9
GS135,transect3_block2,-156.2543042,20.80097792,native,ASV_18s_99,18s,19,236,CGAGACTCTAGCCTGCTAAATAGGCGTACTTTCTGGTATCTCGAAGGCCCCCGGCTTCGGTCGGGTGGTTTTTACTACCGACGTACAAACAAATCTTCTTAGAGGGACAGGCGGCTTCTAGCCGCACGAGA,Metazoa,Arthropoda,Insecta,Hymenoptera,Ichneumonidae,Ichneumon,xanthorius,99.2
GS163,transect3_block3,-156.2542212,20.800935,native,ASV_18s_162,18s,17,77,CGAGACTCTAGCCTGCTAAATAGGCGTACTTTCTGGTATCTCGAAGGCCCCCGGCCTACGGTCGGGCGGTTTTTACTACCGACGTACAAACAAATCTTCTTAGAGGGACAGGCGGCTTCTAGCCGCACGAGA,Metazoa,Arthropoda,Insecta,Hymenoptera,Ichneumonidae,Megarhyssa,sp,99.2
GS164,transect3_block3,-156.2542212,20.800935,native,ASV_28s_303,28s,138,138,AGGAGTCTAACATGTACGCGAGTCATTGGGACTTGTATAAGCCTAAAGGCGCAATGAAAGTGAAGGTCTTCCTTAGCGTTGGCCGAGGGAGGATGGTCGGTCCTACGTAGGCCGGCTCGCACTCCCGGGGCGTCTCGTGCTCATTGCGAGCAGAGGCGCACCTAGAGCGTACACGTTGGGACCCGAAAGATGGTGAACTATGCCTGGTCAGGACGAAGTCAG,Metazoa,Arthropoda,Insecta,Hymenoptera,Aphelinidae,Aphytis,chrysomphali,100
GS191,transect4_block2,-156.2540669,20.8007444,native,ASV_28s_166,28s,644,644,AGGAGTCTAACATGTGCGCGAGTCATTGGGTATATGTAAAACCTAAAGGCGAAATGAAAGTGTAGGCTGTGTTTACCATGGCTAAGGGAGGATGCCGTTTTTCCTGGTTTAATTTATCAGGGCGGCCGCACTCCCGGGGCGTCTCATAGTCTCATTACGAGCGGAGGCGCACCTAGAGCGTACACGTTGGGACCCGAGAGATGATGAACTATACCTGGTCAGGACGAAGTCAG,Metazoa,Arthropoda,Insecta,Hymenoptera,Pteromalidae,Cephaleta,sp,83.3
GS306,transect6_block3,-156.2542119,20.80290523,ginger,ASV_28s_320,28s,111,111,AGGAGTCTAACATGTGCGCGAGTCATTGGGTATATGTAAAACCTAAAGGCGAAATGAAAGTGTAGGCTGTGTTTACCATGGCTGAGGGAGGATGCCGTTTTTCCTGGTTTAATTTATCAGGGCGGCCGCACTCCCGGGGCGTCTCATAGTCTCATTACGAGCGGAGGCGCACCTAGAGCGTACACGTTGGGACCCGAGAGATGATGAACTATACCTGGTCAGGACAAAGTCAG,Metazoa,Arthropoda,Insecta,Hymenoptera,Pteromalidae,Cephaleta,sp,83.3
GS471,transect10_block2,-156.2554758,20.80312621,ginger,ASV_28s_30,28s,11401,14373,AGGAGTCTAACATGTGCGCGAGTCATTGGGTGATTTTAAGACCTAAAGGCGAAATGAAAGTGAAGATTGGGTTTATCCCGATTGAGGGAGGATGCTGTTTGGATTGGTGTTAAAAGCGAGTCCGGCAGCCGCACTCCCGGGGCGTGTCAATGTCTCATTGCGAGGCGAGACGCACCTAGAGCGTACACGTTGGGACCCGAGAGATGATGAACTATACCTGGTCAGGATGAAGTCAG,Metazoa,Arthropoda,Insecta,Hymenoptera,Apidae,Centris,tamarugalis,82
GS498,transect10_block3,-156.2554965,20.8031788,ginger,ASV_28s_88,28s,12,2326,AGGAGTCGTCTTCGTATGCGAGTGTTCGGGTGTCAAACCCCTACGCGGAATGAAAGTGAACGCAGGTGAGAGCTTCGGCGCATCATCGACCGATCCTGATGTTCTCGGATGGATTTGAGTAAGAGCATACGGGGCCGGACCCGAAAGAAGGTGAACTATGCCTGTATAGGGTGAAGCCAG,Fungi,Ascomycota,Sordariomycetes,Hypocreales,Cordycipitaceae,Beauveria,sp,100
